<?xml version="1.0" encoding="UTF-8"?>
<project-private xmlns="http://www.netbeans.org/ns/project-private/1">
    <editor-bookmarks xmlns="http://www.netbeans.org/ns/editor-bookmarks/2" lastBookmarkId="0"/>
    <open-files xmlns="http://www.netbeans.org/ns/projectui-open-files/2">
        <group>
            <file>file:/C:/Users/PC/Documents/NetBeansProjects/AtmManagementSystem/src/atmmanagementsystem/LoginCustomer.java</file>
            <file>file:/C:/Users/PC/Documents/NetBeansProjects/AtmManagementSystem/src/atmmanagementsystem/CProblem.java</file>
            <file>file:/C:/Users/PC/Documents/NetBeansProjects/AtmManagementSystem/src/atmmanagementsystem/AdminBooth.java</file>
            <file>file:/C:/Users/PC/Documents/NetBeansProjects/AtmManagementSystem/src/atmmanagementsystem/CustomerLogin.java</file>
            <file>file:/C:/Users/PC/Documents/NetBeansProjects/AtmManagementSystem/src/atmmanagementsystem/ATMServer.java</file>
            <file>file:/C:/Users/PC/Documents/NetBeansProjects/AtmManagementSystem/src/atmmanagementsystem/MessageShowscreen.java</file>
            <file>file:/C:/Users/PC/Documents/NetBeansProjects/AtmManagementSystem/src/atmmanagementsystem/splashscreen.java</file>
            <file>file:/C:/Users/PC/Documents/NetBeansProjects/AtmManagementSystem/src/atmmanagementsystem/AdminBranch.java</file>
            <file>file:/C:/Users/PC/Documents/NetBeansProjects/AtmManagementSystem/src/atmmanagementsystem/PinEnter.java</file>
            <file>file:/C:/Users/PC/Documents/NetBeansProjects/AtmManagementSystem/src/atmmanagementsystem/HelpLine.java</file>
            <file>file:/C:/Users/PC/Documents/NetBeansProjects/AtmManagementSystem/src/atmmanagementsystem/AtmManagementSystem.java</file>
            <file>file:/C:/Users/PC/Documents/NetBeansProjects/AtmManagementSystem/src/atmmanagementsystem/AdminMain.java</file>
            <file>file:/C:/Users/PC/Documents/NetBeansProjects/AtmManagementSystem/src/atmmanagementsystem/UserLogin.java</file>
            <file>file:/C:/Users/PC/Documents/NetBeansProjects/AtmManagementSystem/src/atmmanagementsystem/CreateAccount.java</file>
        </group>
    </open-files>
</project-private>
